"SHARE","UNITS","VENDOR"
"0.2899143763007345","4205018526","Hewlett-Packard"
"0.1839162191418632","2667584542","Apple"
"0.17232814409645367","2499507088","Fujitsu Siemens"
"0.10358419791157399","1502421083","Acer"
"0.08918238917473297","1293532261","Lenovo"
"0.0820976637060175","1190772949","ASUS"
"0.07897700966862412","1145509902","Dell"
